no,rank,isbn13,title,author,description,publisher,pub_date,img_url,emotion_score,color,category
277964385,537,9791196975258 ,혼자 여행을 다녀왔습니다 :마스다 미리 에세이,지은이: 마스다 미리 ;옮긴이: 이소담,"진솔함과 담백한 위트로 30대 여성의 고민과 일상을 그린 만화 '수짱' 시리즈를 통해 국내에 잘 알려진 마스다 미리. 혼자 여행을 다녀왔습니다에는 서른세 살 끝 무렵부터 서른일곱 살까지, 매달 혼자 다녀온 작가의 좌중우돌 여행기가 담겨 있다.",북포레스트,2021,https://image.aladin.co.kr/product/26307/93/cover/k812738105_1.jpg,2389,1,취미
277953593,660,9791156751069 ,달님의 산책,김삼현 글·그림,"푸른숲 그림책 27권. 우리 아이들이 해가 지고 난 뒤, 까만 하늘 위로 두둥실 떠오른 달님과 함께 떠나는 상상 여행을 그림책으로 담아냈다. 저녁 무렵에 어슬렁어슬렁 산책을 나온 달님의 이야기를 통해서, 아이들은 여러 동물들을 만나 즐겁게 뛰어다니며 한껏 놀게 된다.",푸른숲,2016,http://image.aladin.co.kr/product/9007/19/cover/k222535901_1.jpg,2387,1,아동
277949186,409,9788958856399 ,의사소통 수단 :봉화에서 스마트폰까지,글: 고승현 ;그림: 플러그,의사소통이 잘 안 될 때 일어날 수 있는 일들은 무엇일까요?  구름 한 점 없이 맑은 토요일 아침. 민아네 가족들은 외할머니를 만나러 가는 날이에요. 민아를 너무 사랑했던 외할머니는 일 년 전에 돌아가셔서 지금은 ‘별이 된 사람들의 숲’에 있답니다. 외할머니가 살아 있을 때 아침마다 민아를 깨워주는 것은...,성우 주니어,[2017],https://image.aladin.co.kr/product/22869/36/cover/scm3187638567625.gif,1851,1,기타
277956245,477,9788901228891 ,우정 책,글: 박은정 ;그림: 남주현,"‘우정’과 친구 관계에 관한 다양한 상황에 대해 이야기하는 책이다. 새롭고 낯선 환경에 처해 친구가 없을 때의 감정, 그럴 땐 어떤 기분일까에 대한 이해, 우정은 영원할 수 있을까 하는 물음에 대한 신선한 답변 등 친구를 사귀며 한 번 정도는 생각해 봄 직한 이슈를 친절하게 다루었다.",웅진씽크빅,2019,https://image.aladin.co.kr/product/17976/65/cover/8901228890_1.jpg,2756,1,아동
277970793,74,9791190382267 ,마음챙김의 시,류시화 엮음,"시를 읽는 것은 자기 자신으로 돌아오는 것이고, 세상을 경이롭게 여기는 것이며, 여러 색의 감정을 경험하는 것이다. 살아온 날들이 살아갈 날들에게 묻는다. '마음챙김의 삶을 살고 있는가, 마음놓침의 시간을 보내고 있는가?’'사회적 거리두기와 삶에 대한 성찰이 어느 때보다 필요한 지금, 손 대신 시를...",수오서재,2020,https://image.aladin.co.kr/product/25108/7/cover/k842633074_1.jpg,3040,1,문학
277963477,707,9788925561820 ,가장 예쁜 생각을 너에게 주고 싶다,나태주 지음 ;강라은 그림,"'자세히 보아야 예쁘다 / 오래 보아야 사랑스럽다/너도 그렇다.' 시 '풀꽃'으로 많은 이들에게 사랑받는 시인 나태주. 그가 딸에게 주고 싶은 시 100편을 모아 시집을 냈다. 아버지로서 세상의 모든 딸들에게 들려주고픈 이야기, 딸을 향한 마음, 삶에 관한 조언을 담았다.",RHK(알에이치코리아),2017,http://image.aladin.co.kr/product/11067/22/cover/8925561824_1.jpg,1813,1,문학
277970443,605,9788978894555 ,한 평 반의 행복 :유선진 산문집,지은이: 유선진,"갈등과 불만의 대상이었지만 이제는 늙고 병들어 무력하고 초라해진 남편과 세상에 둘도 없이 고약했던 아내가 결혼 53년 만에 어떻게 완전 일체의 부부가 되어 사는지, 아슬아슬할 정도로 진솔하게 내보인 일상에 관한 이야기이다.",지성사,2020,https://image.aladin.co.kr/product/25870/96/cover/8978894550_1.jpg,1669,1,문학
277958417,485,9791158362089 ,바람숲 도서관,"최지혜,김유진 그림","그림책이 참 좋아 73권. 이른 아침, 강 건너 숲에 바람이 불어온다. 바람은 숲속을 휘휘 돌며 온 세상 이야기를 들려준다. 솔잎을 간질이며 소곤소곤, 도토리를 어르며 속살속살, 바람이 들려준 이야기는 책으로 피어나는데….",책읽는곰,2020,https://image.aladin.co.kr/product/25416/75/cover/k802633115_1.jpg,1689,1,아동
277959598,834,9788966351176 ,멋지다!,글: 쓰쓰이 도모미 ;옮김: 김숙,"각본가이며 소설가이기도 한 쓰쓰이 도모미의 글에 요시타케 신스케의 그림이 어우러져 만들어낸 아이들의 자긍심을 높여주는 책이다. 연작 형식을 취해, 매사를 부정적으로 바라보지 않고 긍정적으로 받아들이는 아이들의 이야기 20편이 담겨 있다.",북뱅크,2020,https://image.aladin.co.kr/product/24430/95/cover/8966351174_1.jpg,2091,1,아동
277961933,161,9791160946789 ,"오, 사랑 :조우리 장편소설",지은이: 조우리,"제18회 사계절문학상 대상 수상작으로, 사랑이라는 뜨겁고 순수한 감정을 잘 표현한 작품이자, 자신을 긍정적으로 받아들이고 자기 자신을 사랑하는 방법을 찾아 나가는 두 소녀의 성장소설이다.",사계절(사계절출판사),2020,https://image.aladin.co.kr/product/24864/9/cover/k342631459_1.jpg,1841,1,청소년
277958678,761,9788949110394 ,구름 나라,존 버닝햄 글.그림;고승희 옮김,뭉게구름을 타고 노는 어린시절의 꿈을 재미있는 그림으로 표현했다. 부모님과 함께 산에 올라간 앨버트는 내려오다가 벼랑에서 떨어지고 만다. 구름나라 아이들에게 구출된 앨버트는 구름을 타고 재미있게 논다.,비룡소,1997,http://image.aladin.co.kr/product/1/61/cover/8949110393_2.jpg,2054,1,아동
277961516,577,9788934972204 ,여름은 오래 그곳에 남아,지은이: 마쓰이에 마사시 ;옮긴이: 김춘미,1982년 일본의 고급 별장지 가루이자와. ‘무라이 건축 설계 사무소‘는 여름 한철을 그곳 아사마 산 자락의 별장에서 보낸다. 삶과 맞닿은 건축을 꿈꾸는 사람들과 언제까지고 계속되었으면 했던 그 여름의 고아했던 나날. 이윽고 국립현대도서관 설계 경합을 앞두고 뜨거운 분투가 시작되는데.,비채,2016,http://image.aladin.co.kr/product/7492/9/cover/8934972203_1.jpg,1481,2,문학
277965683,931,9788925589787 ,문해력 공부 :혼란한 세상에 맞설 내공,김종원 지음,"잘못된 언어 사이에서 살아남는 방법, 의도를 몰랐던 말의 맥락들을 파악하는 방법, 다르게 읽는 방법 그리고 문해력을 자신의 경쟁력을 만드는 방법 등을 다루었다. 읽고 알아가는 발견의 기쁨을 오롯이 나타내는 이 책은, 일러스트로 세상에 전하고 싶은 메시지를 표현한 문해력의 대가 피에르 르탱Pierre Le-Tan의 일러스트가 어우러져 소장 가치를 더한다.",RHK(알에이치코리아),2020,https://image.aladin.co.kr/product/25506/79/cover/8925589788_1.jpg,1343,2,교육
277972361,359,9788972596363 ,리디아의 정원,데이비드 스몰 그림;이복희 옮김,리디아는 아버지의 실직과 가난으로 부모와 떨어져 대도시의 외삼촌 집에서 더부살이를 하게 된다.역경 속 에서 도 순수한 마음과 희망을 잃지 않는 주인공을 통해 교훈을 주는 동화책이다.,시공사,1998,http://image.aladin.co.kr/product/4328/8/cover/scm122923127091.jpg,1355,2,문학
277971661,792,9788946417045 ,인연,피천득 지음,"수필'하면 떠오르는 이름인 금아 피천득 선생의 인연. 교과서에도 실렸던 아사꼬와의 이야기 '인연'부터, '수필은 청자 연적이다...'로 시작하는 '수필', '내가 늙고 서영이가 크면 눈 내리는 서울 거리를 같이 걷고 싶다'로 끝나는 '나의 사랑하는 생활'까지. 이 단아하고 정결한 문체의 수필 80여 편 중 단 한 편이라도 읽어보지 못한 사람이 있을까. '수필'이란 것이 자꾸만 잡문으로 여겨져 한옆으로 치워지는 세상에서 다시 읽는 인연은 교과서를 통해 읽는 것보다 훨씬 아름답다.",샘터,2007,http://image.aladin.co.kr/product/103/55/cover/8946417048_1.jpg,1198,2,문학
277963037,195,9791190299145 ,그렇게 말해줘서 고마워 :나를 지키고 관계를 지키는 일상의 단단한 언어들,지은이: 김유진 ;일러스트: 하효정,"수많은 인간관계 속에서 수많은 말들로부터 내 마음을 지키고 관계도 지킬 방법은 없을까? 그러기 위해서는 일상에서 좋은 대화를 계속해나가야 한다. 이 책은 일상에서 좋은 대화를 나누는 여러 가지 방법, 특히 말로 나를 돌보면서 관계에도 도움이 되는 다양한 상황과 솔루션을 담았다.",Fika,2020,https://image.aladin.co.kr/product/25317/13/cover/k602633404_1.jpg,1388,2,문학
277968253,527,9791190473552 ,나를 바꾼 기록 생활 :신미경 에세이,지은이: 신미경,더 나은 일상과 실천에 대해 글을 쓰는 미니멀리스트 신미경 작가. 전작 뿌리가 튼튼한 사람이 되고 싶어와 혼자의 가정식을 통해 단단한 삶에 대해 이야기한 그녀가 이번엔 자신의 '기록 생활'을 책 속에 담았다.,새움출판사,2021,https://image.aladin.co.kr/product/26315/4/cover/k382738822_2.jpg,907,2,문학
277948518,556,9788950981525 ,"어피치, 마음에도 엉덩이가 필요해",서귤 지음,"카카오프렌즈의 귀여운 악동 어피치와울리다 웃기기 전문 악동 작가 서귤이 만났다!마음이 꽈당, 넘어져도 괜찮아마음에도 엉덩이가 있으니까!엉뚱 발랄 귀여운 악동 어피치와작가 서귤이 전하는 위로와 응원의 메시지“살아남는 건 우리의 찬란한 재능. 마르지 말자. 바스러지지 말자.” 친구가 무심코...",Arte(아르테),2019,https://image.aladin.co.kr/product/19453/62/cover/8950981521_1.jpg,1353,2,문학
277962420,455,9788965702917 ,너에게 하고 싶은 말,김수민 글 ;정마린 그림,"마음이 지쳤을 때, 하염없이 울고 싶을 때, 사람에게 상처받았을 때, 자꾸만 결심이 무너질 때, 당신에게 보내는 가슴 뭉클한 위로를 담은 책. 상처받은 영혼에 따끔한 말 한마디보다 따뜻한 위로로 기운을 먼저 북돋아주는 책이다.",쌤앤파커스,2015,http://image.aladin.co.kr/product/7143/77/cover/8965702917_2.jpg,1264,2,문학
277967055,332,9791160946918 ,어린이라는 세계 :김소영 에세이,지은이: 김소영,"10년 남짓 어린이책 편집자로 일했고, 지금은 독서교실에서 어린이들과 책을 읽는 저자는 어린이의 존재를 더 잘 보이게 하기 위해 부지런히 글을 쓰고 목소리를 내 왔다. 이 책에는 저자가 어린이들과 만나며 발견한, 작고 약한 존재들이 분주하게 배우고 익히며 자라나는 세계가 담겨 있다.",사계절(사계절출판사),2020,https://image.aladin.co.kr/product/25509/75/cover/k132633125_1.jpg,1245,2,문학
277961752,58,9788936434427 ,유원 :백온유 장편소설,지은이: 백온유,진심을 눌러 담은 목소리로 우리에게 새로운 희망을 건네는 백온유 장편소설. 십여 년 전 비극적인 화재 사건에서 살아남은 열여덟 살 주인공 '유원'의 이야기를 그렸다. 무거웠던 마음에서 벗어나 날아오르는 모든 이를 위한 성장소설이다.,창비,2020,https://image.aladin.co.kr/product/24319/41/cover/893643442x_1.jpg,1407,2,문학
277963668,707,9788937461613 ,욕망이라는 이름의 전차,테네시 윌리엄스 [지음];김소임 옮김,"1950년대, 1960년대 미국인들의 자화상을 실감나게 그렸던 극작가 테네시 윌리암스의 1947년 작. 몰락한 남부 귀족 가문의 블랑시 두보아를 주인공으로, 환상과 현실 사이에서 갈피를 잡지 못하는 인물과 현실에 철저하게 적응해 동물적으로까지 보이는 인물 간의 극단적인 대립을 상징적인 무대장치와 시적인 대사를 통해 감각적으로 보여준다. 퓰리처상, 뉴욕 극비평가상 수상작.",민음사,2007,https://image.aladin.co.kr/product/101/32/cover/8937461617_2.jpg,803,3,문학
277961001,192,9788950979959 ,이토록 아름다운 수학이라면 :내 인생의 χ값을 찾아줄 감동의 수학 강의,최영기 지음,"서가명강 3권. 서울대 수학교육과 최영기 교수가 수학의 아름다움에 대한 깊고 넓은 단상을 편안한 언어로 풀어낸 대중교양서다. 저자는 수학이 단순한 계산의 반복, 복잡한 수식을 풀어내는 지겨운 과정이 전부라는 편견을 깨고자 이 책에서 수학의 정신과 그 가치에 대해 설명하고자 노력했다.",21세기북스(북이십일 21세기북스),2019,https://image.aladin.co.kr/product/18617/97/cover/8950979950_1.jpg,800,3,학문
277970142,345,9791197035258 ,읽기만 하면 내 것이 되는 1페이지 미술365,김영숙 지음,"매일 1페이지씩, 세계 명화 365점과 함께 미술의 모든 지식을 단 한 권으로 만날 수 있는 책이다. 월요일부터 일요일까지 명작, 미술사, 화가, 장르·기법, 미술로 보는 세계사, 스캔들·미스터리, 신화·종교 총 일곱 분야의 지식을 다루고 있어 꼭 알아야 할 미술 교양을 빠짐없이 쌓을 수 있다.",비에이블,2020,https://image.aladin.co.kr/product/25208/85/cover/k632633700_1.jpg,751,3,취미
277969244,382,9791190242769 ,돈의 물결 - 장이 무너져도 솟아날 종목은 있다,박제연 (지은이),"‘주린이’부터 ‘동학 개미’까지 개인투자자들이 모두 투자의 정도를 걸었으면 하는 마음을 담은 책 『돈의 물결』은 놓치기 쉬운 주식 기초부터 세상 물정이 시장에 끼치는 영향, 과거 경제 이슈들과 시장의 관계, 시장 불확실성 대책까지 4가지 대주제로 구성돼 있다.",베가북스,2021,https://image.aladin.co.kr/product/26646/24/cover/k792739237_1.jpg,744,3,학문
277972214,359,9788952777638 ,(10년 후에도 변하지 않을) 부동산 투자의 정석,김원철 지음,"‘전세 레버리지 투자’의 원리에 더해 부동산 활황 시기 투자자들이 놓치고 있는 문제와 도사리고 있는 위험들, 평생 돈이라는 열매를 맺는 핵심 부동산 공략법, 부동산 대상별 투자의 정석 등을 소개한다.",시공사,2016,http://image.aladin.co.kr/product/9793/91/cover/8952777638_1.jpg,687,3,학문
277962400,455,9788961771863 ,(인지심리학자 김경일 교수가 제안하는) 십 대를 위한 공부 사전,글쓴이: 김경일,"하우 투(how to)만을 제시하고 강조하는 것이 아닌, 인지심리학이라는 과학적 접근을 통해 인간의 특성을 먼저 파악하고 그 행동을 왜 해야 하는지, 왜 그 방법이 효과가 있는 것인지 등의 구체적인 이유나 근거에 대해 설명해 청소년들이 자신만의 공부법을 찾는 데 실질적인 도움을 준다.",다림,2018,https://image.aladin.co.kr/product/17670/83/cover/8961771868_1.jpg,539,3,청소년
277960634,872,9788965483717 ,미카엘라 :달빛 드레스 도난 사건,박에스더 글 ;이경희 그림,"제1회 No. 1 마시멜로 픽션 대상 수상작. 200년 전통의 ‘브링턴 아카데미’ 기숙 학교를 배경으로, 전설의 보물을 찾아 ‘두꺼비잡기 대회’에 참가한 7학년생 미카엘라의 미션 레이스를 그린 작품이다. 보물을 차지하기 위한 미카엘라의 이야기가 박진감 넘치게 펼쳐진다.",고릴라박스,2017,http://image.aladin.co.kr/product/10951/56/cover/8965483719_1.jpg,426,3,아동
277969230,382,9791188522743 ,리더라면 정조처럼 :정조대왕의 숨겨진 리더십 코드 5049,김준혁 지음,"결코 순탄하지 않았던 정조의 재위 시절, 그럼에도 정조는 숱한 난관을 이겨내고 우리나라 역사상 최고의 개혁군주로 평가받는다. 저성장과 실업, 전염병과 전쟁의 위험 속에 노출된 우리에게 지금 필요한 것은 무얼까?",더봄,2020,https://image.aladin.co.kr/product/24319/74/cover/k252630694_1.jpg,421,3,학문
277970420,605,9788960906600 ,실패를 사랑하는 직업 :요조 산문,지은이: 요조,"뮤지션이자 작가, 제주의 동네 서점 '책방무사'의 대표인 요조의 산문집. 요조의 음악과 일상, 다방면의 예술가들, 인간관계, 달리기, 채식, 책방 운영에 이르기까지, 요조의 내면을 만들어온 다종다양한 이야기가 담겨 있는 산문집이다.",마음산책,2021,https://image.aladin.co.kr/product/26212/83/cover/8960906603_2.jpg,394,3,문학
277952919,184,9788994706832 ,느낌표 물고기,"장진화 (지은이), 강은지 (그림)","경남아동문학상을 수상하며 주목을 받은 장진화 시인의 동시집이다. 시인은 밝고 유쾌한 어린이들의 시선은 물론 아픔과 슬픔까지 함께 동시에 담아냈다. 일상의 언저리에서 만나는 동물과 식물, 사람과 사물들을 바라보는 어린이의 시선이 돋보이는 작품들이 가득하다.",소야,2020,https://image.aladin.co.kr/product/25793/45/cover/8994706836_1.jpg,390,3,아동
277970422,605,9788960906747 ,혼자여서 좋은 직업 - 두 언어로 살아가는 번역가의 삶,권남희 (지은이),일본 문학 독자 중 모르는 사람이 없는 이름. “소설을 읽으려다 역자 후기에 빠지게 된다”는 독자들의 후기로 유명한 30년 차 번역가 권남희의 산문집이 출간됐다. 프리랜서 번역가의 삶이 담긴 『혼자여서 좋은 직업』. 믿고 읽는 번역가를 넘어 믿고 읽는 에세이 작가가 된 권남희의 유쾌하면서 따스한 삶의 이야기가 펼쳐진다.,마음산책,2021,https://image.aladin.co.kr/product/27052/98/cover/8960906743_1.jpg,346,4,문학
277951124,365,9788936446826 ,"좋은 돈, 나쁜 돈, 이상한 돈 :두통 씨의 경제 이야기",권재원 지음,사회와 친해지는 책 시리즈의 '경제' 편. 제19회 창비 ‘좋은 어린이책’ 기획 부문 대상 수상작. 어린이가 공감할 만한 캐릭터인 재원이가 두통 씨와 나누는 흥미진진한 대화를 통해 돈의 본질에 대해 생각하도록 이끈다.,창비,2015,http://image.aladin.co.kr/product/6595/52/cover/8936446827_1.jpg,335,4,아동
277963509,707,9788927806639 ,피부에 헛돈 쓰지 마라 :합리적인 의사 함익병의 경제적인 피부 멘토링,"함익병,옥지윤 지음",정보 과잉 시대에 대응하는 ‘정확한 몇 가지’ 피부 정보만을 읽기 쉬운 글로 담아냈다. 술술 읽다보면 그동안 우리가 정설이라고 믿고 있던 피부 정보들이 대부분 오류투성이라는 것을 깨닫게 된다. 또한 읽는 즉시 생각이 움직이고 행동이 바뀌게 되는 놀라운 경험을 하게 될 것이다.,중앙books(중앙북스),2015,http://image.aladin.co.kr/product/6229/51/cover/8927806638_1.jpg,283,4,취미
277963065,368,9788901148007 ,스마트한 생각들 :사람의 마음을 움직이는 52가지 심리 법칙,롤프 도벨리 지음 ;두행숙 옮김,"직장, 학교, 집, 인터넷 공간 등 일상 곳곳에서 사람들이 무의식적으로 저지르는 생각의 오류들을 집대성하고 생생한 사례를 바탕으로 흥미롭게 설명하면서, 이를 통해 인생의 결정적 순간에 어리석은 선택을 하지 않도록 돕는 생각의 기술을 알려준다. 독일과 스위스 언론의 극찬 속에 출간하자마자 아마존 종합 베스트셀러에 올랐고 6개월 만에 30만 부 돌파, 슈피겔 12주 연속 논픽션 1위 등 현재까지 독일 독자들의 폭발적인 관심을 받고 있다.",웅진씽크빅,2012,http://image.aladin.co.kr/product/1788/72/cover/8901148005_1.jpg,203,4,교육
277971177,340,9791166830303 ,가지 말라는데 가고 싶은 길이 있다 - 나태주 스페셜 에디션,나태주 (지은이),"나태주 시인의 스페셜 에디션 시집. 나태주가 직접 고른 시들로 엮어졌다. 시를 읽다 보면 시상의 내부 깊은 곳, 웅숭깊은 사유에 고인 맑디맑은 정수와 그 안에 열리는 풀꽃 같은 순수 무구한 시 세계를 만날 수 있다.",&(앤드),2021,https://image.aladin.co.kr/product/26800/25/cover/k612730682_2.jpg,198,4,문학
277966048,331,9791160023152 ,(주린이도 술술 읽는) 친절한 주식책 :주식 왕초보가 꼭 알아야 할 기본,"최정희,이슬기 지음",주식을 막 시작해서 모든 것이 막막한 사람들에게 든든한 길라잡이 역할을 한다. 주식이 여전히 어려운 주린이들이 투자에 본격적으로 나서기 전에 꼭 알아야 할 최소한의 필수 지식을 엄선해 술술 풀어냈다.,원앤원콘텐츠그룹,2020,https://image.aladin.co.kr/product/24929/72/cover/k912632497_1.jpg,194,4,학문
277970269,459,9791187886563 ,허쉬,"존 하트 (지은이), 권도희 (옮긴이)",에드거 상 최초의 2년 연속 수상 작가 존 하트의 걸작 『라스트 차일드』의 10년 후를 다룬 시퀄이다. 실종된 이란성쌍둥이 여동생 앨리사를 찾아 냉혹하고 부조리한 세상과 인간들 사이를 묵묵히 헤맸던 열세 살 소년 조니 메리멈은 스물세 살 청년이 되었다.,구픽,2021,https://image.aladin.co.kr/product/26821/97/cover/k502730293_1.jpg,175,4,문학
277969437,569,9788960863149 ,1만권 독서법 :인생은 책을 얼마나 읽었느냐에 따라 달라진다,인나미 아쓰시 지음 ;장은주 옮김,한 페이지를 읽는 데 5분이나 걸렸던 저자가 매일 한 권씩의 서평을 써야 하는 저널리스트가 되면서 터득한 연간 700권 독파 기술을 안내한다. 방대한 분량의 텍스트 사이에서 필요한 정보만을 기억하는 요령이 담겨 있다.,위즈덤하우스,2017,http://image.aladin.co.kr/product/10107/40/cover/8960863149_1.jpg,151,4,교육
277969310,569,9788934990628 ,티핑 포인트 :작은 아이디어는 어떻게 빅트렌드가 되는가,지은이: 말콤 글래드웰 ;옮긴이: 김규태,"과거의 특정 공간이 아니라 ‘지금, 여기’ 우리를 둘러싼 온갖 사회적 유행에 대한 흥미로운 보고서이자, 긍정적인 변화를 의도적으로 일으키려고 할 때 무엇이 필요한지 알려주는 실용서이다. 2020 최신판에는 첫 출간 후 독자의 반응과 작가의 소회가 담긴 “후기”가 추가 수록되었다.",김영사,2020,https://image.aladin.co.kr/product/25011/99/cover/8934990627_1.jpg,148,4,학문
277961021,192,9788954415491 ,(피보나치가 들려주는) 피보나치수열 이야기,지은이: 오혜정 ;그림: 유대수,"조화롭고 균형감 있는 예술 작품들이나 역동적인 음색의 음악, 고대의 건축물, 생활 디자인이 나타내는 독특하고 간결한 아름다움이 매우 단순한 피보나치수열의 비율을 적용한 결과라는 사실을 통해 수학의 실용적인 가치를 충분히 인식하도록 한다. 또 각 수업마다 중요한 수학 용어를 따로 정리해 두어 학생들의 개념이해를 돕는다.",자음과모음,2008,http://image.aladin.co.kr/product/170/63/cover/8954415490_1.jpg,97,4,아동
277948218,314,9791158512002 ,"서른여섯, 은퇴하기 좋은 나이 :경제적 자유를 꿈꾸는 밀레니얼 세대를 위한 부의 절대 공식",여신욱 지음,"저자가 조기 은퇴라는 자유인의 삶을 성취하기 위해 재테크 공부를 하며 얻은 투자 인사이트와 기본 지식, 그 과정에서 수반되어야 하는 총체적인 라이프스타일 혁명에 대한 실질적인 가이드를 담고 있다.",Tornado(토네이도),2020,https://image.aladin.co.kr/product/25791/19/cover/k752736819_1.jpg,-591,6,학문
277970543,842,9788901242644 ,보이지 않는 여자들 :편향된 데이터는 어떻게 세계의 절반을 지우는가,캐럴라인 크리아도 페레스 지음 ;황가한 옮김,"남성을 위해, 남성에 의해 설계된 이 세계가 어떻게 인구의 반, 여성을 배제하는지 증명한 책이다. 영국에서 가장 주목받는 여성 운동가이자 저널리스트인 저자는 기술과 노동, 의료, 도시계획, 경제, 정치, 재난 상황 등 16가지 영역에 걸쳐 데이터 공백이 여성의 삶에 미치는 영향과 차별의 단면을 면밀하게 보여준다.",웅진씽크빅,2020,https://image.aladin.co.kr/product/24425/85/cover/8901242648_1.jpg,-589,6,학문
277967342,568,9791187481607 ,(환율과 금리로 보는) 앞으로 3년 경제전쟁의 미래,오건영 지음,"경제를 움직이는 핵심적 요소인 금리와 환율에 기반해 세계 경제의 흐름과 방향을 읽는다. 신한금융그룹에서 글로벌 시장 분석과 투자자산전략 업무를 담당한 저자는 금리와 환율을 씨줄로 1980년대 후반 일본의 추락, 1987년 한국의 외환위기, 2000년대 유럽의 재정위기, 최근 중국의 부채위기와 미국의 나 홀로 성장까지를 날줄로 엮어 세계 경제의 흐름을 읽고 미래를 전망한다.",지식노마드,2019,https://image.aladin.co.kr/product/19980/37/cover/k482635944_1.jpg,-1239,6,학문
277962552,455,9791160501599 ,나는 죽었다고 말하는 남자 :자아의 8가지 그림자,아닐 아난타스와미 지음 ;변지영 옮김,"올해의 주목할 만한 과학책', 《포브스》 선정 '꼭 읽어야 할 뇌과학서'. 일찍이 아내를 모자로 착각한 남자의 저자 올리버 색스가 나아간 길을 따라, 과학 저널리스트 아닐 아난타스와미는 ‘나를 잃어버린 사람들’의 세계로 들어선다.",길벗,2017,http://image.aladin.co.kr/product/10741/26/cover/k172530851_1.jpg,-1176,6,학문
277963478,707,9788925561943 ,범인 없는 살인의 밤,지은이: 히가시노 게이고 ;옮긴이: 윤성원,"방과 후, 비밀, 용의자 X의 헌신의 작가 히가시노 게이고의 초기작으로, 추리의 재미와 함께 서스펜스와 인물들의 농도 깊은 심리 드라마를 다루는 저자의 작품 세계를 작 보여주는 수작이다.",알에이치코리아,2017,http://image.aladin.co.kr/product/11282/30/cover/8925561948_1.jpg,-988,6,문학
277959525,739,9791191204032 ,위험한 행운의 편지,"이지수 (지은이), 송효정 (그림)",별숲 동화 마을 32권. 오랫동안 어린이 역사책 기획자로 활동해 온 이지수가 뜻 깊은 역사 사건과 풍부한 역사 지식을 담아 써낸 장편동화이다. 일제 시대 당시의 생활상과 시대적 배경 그리고 일제의 식민화 정책이 어떻게 강행되었는지 구체적이고 생생하게 알 수 있다.,별숲,2021,https://image.aladin.co.kr/product/26193/41/cover/k792738084_1.jpg,-626,6,아동
277964185,437,9788979196184 ,검은 집,기시 유스케 지음;이선희 옮김,일본 호러소설 대상 수상작. 일본에서 16만 부를 돌파하고 영화로도 제작되는 등 출간 직후 상당한 반향을 불러일으켰다.,창해,2004,http://image.aladin.co.kr/product/22/43/cover/8979196180_1.gif,-697,6,문학
277944994,53,9788990982902 ,괴소소설,"히가시노 게이고 (지은이), 김난주 (옮긴이)",천재 미스터리 작가 히가시노 게이고의 대환장 웃음 시리즈 제1탄. 미스터리의 제왕으로 불리는 히가시노 게이고를 ‘유머 소설’이라는 새로운 장르의 스타로 발돋움하게 한 획기적인 작품이다.,재인,2020,https://image.aladin.co.kr/product/25790/82/cover/8990982901_1.jpg,-1182,6,문학
277971433,514,9791135498138 ,섀도우 앤 본 3 - 폐허와 부활,"리 바두고 (지은이), 안종설 (옮긴이)","넷플릭스가 선택한 특급 판타지 시리즈 ‘섀도우 앤 본’의 원작 소설이 한국에 상륙했다. 그림자와 뼈, 포위와 태풍 그리고 폐허와 부활 총 3부작으로 구성된 이 시리즈는 북쪽으로는 피예르다, 남쪽으로는 슈 한, 그리고 대륙을 가로지르는 어둠의 장막에 둘러싸인 라브카 왕국의 평범한 고아 알리나 스타코프의 놀라운 일대기가 담긴 마법 판타지 시리즈다.",베리타스,2021,https://image.aladin.co.kr/product/26983/37/cover/k852730515_1.jpg,-1009,6,문학
277964311,537,9788996997962 ,불안의 서,지은이: 페르난두 페소아 ;옮긴이: 배수아,"포르투갈의 국민작가로 추앙받는 페르난두 페소아가 쓴 불안의 서. 짧으면 원고지 2~3매, 길면 20매 분량인 에세이 480여 편이 실려 있다. 어둠, 모호함, 실패, 곤경, 침묵 등을 자신의 헤테로님 베르나르두 소아레스를 통해 노래하고 있다. 소설가 배수아의 완역본.",봄날의책,2014,http://image.aladin.co.kr/product/3921/29/cover/899699796x_1.jpg,-1217,6,문학
277964424,696,9788934979289 ,블랙코미디 :유병재 농담집,지은이: 유병재,"'유병재 천재설' 의혹(?)마저 불러일으킨 전 국민의 웃음 폭탄 유병재의 첫 에세이. 코미디언이자 작가인 유병재가 지난 3년 동안 저축하듯 모은 에세이, 우화, 아이디어 노트, 그리고 미공개 글을 총 4장 200여 페이지에 담았다.",김영사,2017,https://image.aladin.co.kr/product/11997/96/cover/8934979283_1.jpg,-68,5,문학
277944897,53,9788954610704 ,우리는 언젠가 죽는다,데이비드 실즈 지음 ;김명남 옮김,"죽음이라는 결말에 대처하는 우리의 자세!인간은 누구나 죽음을 맞이할 수밖에 없다. 삶에 대한 논의가 이루어지듯이 죽음에 대한 탐구도 이루어져야 하지만, 죽음은 으레 무겁고 우울한 주제로 여겨진다.『우리는 언젠가 죽는다』는 유쾌하게 죽음을 이야기하는 책이다. '다큐멘터리 소설가'로 불리는 데이비드...",문학동네,2010,https://bookthumb-phinf.pstatic.net/cover/062/533/06253335.jpg?type=m1&udate=20160731,-52,5,학문
277968390,696,9788901245713 ,(위기의 시대) 돈의 미래 :세계 3대 투자자 짐 로저스가 말하는 새로운 부의 흐름,짐 로저스 지음 ;전경아 옮김,극심한 혼돈이 예상되는 글로벌 경제 환경에서 돈의 미래는 어떻게 될 것인가? 다가올 위험을 미리 감지하고 최악의 상황에서도 살아남는 전략은 무엇일까? 50년간 온갖 부침을 겪어내며 전설로 자리 잡은 투자 거장 짐 로저스의 냉철한 인사이트는 변곡점에 오른 부의 흐름을 읽어내는 최고의 안내서가 되어줄 것이다.,웅진씽크빅,2020,https://image.aladin.co.kr/product/25647/6/cover/890124571x_1.jpg,-186,5,학문
277962428,455,9788965963066 ,무기력에서 무를 빼는 가장 쉬운 방법 - 잠자는 의욕을 깨우는 48가지 심리 기술,"나이토 요시히토 (지은이), 김지윤 (옮긴이)",《만만하게 보이지 않는 대화법》의 저자 나이토 요시히토는 태어날 때부터 무기력한 사람은 없다고 말한다. 무기력은 ‘마음의 감기’에 불과해서 의욕을 북돋는 심리 메커니즘과 테크닉을 익히면 얼마든지 무기력을 퇴치할 수 있다는 것이다.,흐름출판,2019,https://image.aladin.co.kr/product/18641/79/cover/8965963060_1.jpg,-22,5,교육
277961785,78,9788962622713 ,"파란 하늘 빨간 지구 =기후변화와 인류세, 지구시스템에 관한 통합적 논의 /Blue sky red earth",조천호 지음,"대기과학자가 기후변화와 관련된 여러 사안을 알기 쉽게 풀어놓는다는 점에서 많은 이에게 도움이 될 것이다. 또 다른 측면에서 주목해야 할 점은, 이 책이 전해주는 메시지다. 기후변화는 이미 많은 것을 바꿔놓았고, 그에 따르는 피해는 가난하고 힘없는 사람들이 주로 보고 있다.",동아시아,2019,https://image.aladin.co.kr/product/18713/2/cover/8962622718_1.jpg,-206,5,학문
277963537,707,9788932033990 ,"낯선 중세 :잃어버린 세계, 그 다채로운 풍경을 거닐다",유희수 지음,중세는 '암흑기'인가 '황금기'인가? 서양 중세는 다른 시대에 비해 역사적 관점과 해석의 스펙트럼이 가장 넓고 다양하다. 저자는 이 책에서 중세 문화의 신비를 푸는 데 열쇠가 되는 주제들을 중심으로 크고 작은 이야기들을 연결시켜 중세를 폭넓게 조망한다.,문학과지성사,2018,https://image.aladin.co.kr/product/16234/12/cover/8932033994_1.jpg,-174,5,학문
277971124,340,9788965964377 ,"숲은 고요하지 않다 - 식물, 동물, 그리고 미생물 경이로운 생명의 노래","마들렌 치게 (지은이), 배명자 (옮긴이), 최재천 (감수)","독일의 여성 행동생물학자 마들렌 치게는 이 책에서 바이오커뮤니케이션에 대해 이야기한다. 그리스어에서 유래한 바이오는 ‘생명’을 뜻하고, 라틴어에서 유래한 커뮤니케이션은 ‘메시지’를 의미한다. 간단히 말해 바이오커뮤니케이션은 ‘생명체들 사이의 활발한 정보 전달’이다.",흐름출판,2021,https://image.aladin.co.kr/product/26963/63/cover/8965964377_1.jpg,-142,5,학문
277965681,931,9788925589084 ,내러티브 경제학 :경제를 움직이는 입소문의 힘,로버트 쉴러 지음 ;박슬라 옮김,"주식, 부동산 등의 자산 가격에 따른 시장의 비효율성에 관한 연구로 노벨 경제학상을 수상한 경제학자 로버트 쉴러의 최신간이 출간되었다. 2000년 한창 주가를 올리던 ‘닷컴 버블’의 종말을 정확히 예측한 책, 『비이성적 과열』의 베스트셀러 작가이자, 행동경제학의 대가인 쉴러 교수는 지금도 정치, 사회, 심리와 시장의 관계에 주목한 연구들로 공로를 인정받고 있다.",RHK(알에이치코리아),2021,https://image.aladin.co.kr/product/26556/59/cover/8925589087_1.jpg,-279,5,학문
277970798,101,9788934982975 ,21세기를 위한 21가지 제언 :더 나은 오늘은 어떻게 가능한가,지은이: 유발 하라리 ;옮긴이: 전병근,"인류의 과거(사피엔스), 미래(호모 데우스)에 이어 현재를 살펴본다. 과학 분야 전문지식보다는 시사적인 주제를 논한다. 과거-현재-미래 3종 세트 완성.",김영사,2018,https://image.aladin.co.kr/product/16234/14/cover/8934982977_1.jpg,-96,5,학문
277961744,40,9791164136452 ,공정하다는 착각 :능력주의는 모두에게 같은 기회를 제공하는가,마이클 샌델 지음 ;함규진 옮김,"“우리가 ‘노력하면 성공할 수 있다’고 너무나도 당연히 생각해왔던, 개인의 능력을 우선시하고 보상해주는 능력주의 이상이 근본적으로 크게 잘못되어 있다”고 주장한다. 이러한 능력주의가 제대로 공정하게 작동하고 있는지, ‘공정함=정의’란 공식은 정말 맞는 건지 진지하게 되짚어본다.",미래엔,2020,https://image.aladin.co.kr/product/25470/6/cover/k092633826_1.jpg,-310,5,학문
277970280,459,9791190337403 ,격리된 아이,"지은이: 김소연,정명섭","우리학교 소설 읽는 시간 시리즈. 코로나바이러스가 관통한 현실 속, 세 아이의 숨 막히는 이야기. ‘자가 격리’와 ‘동선 조사’, ‘마스크’라는 우리에게 더 이상 낯설지 않은 소재들이 세 작가의 상상력과 만나 아주 특별한 작품으로 탄생했다.",우리학교,2020,https://image.aladin.co.kr/product/24689/52/cover/k992631595_1.jpg,-7178,7,청소년
277964669,914,9788937429750 ,"헛간, 불태우다",지은이: 윌리엄 포크너 ;옮긴이: 김욱동,"20세기 미국 문단을 대표하는 작가이자 미국 남부의 인습적이고 주술적인 세계를 정묘하게 그려 낸 소설가, ‘의식의 흐름’ 등 독자적이고 실험적인 수법을 과감히 도입한 혁신가, 두 차례의 퓰리처상, 전미도서상과 노벨 문학상을 석권한 거장, 윌리엄 포크너의 대표적 단편 소설을 엮었다.",민음사,2021,https://image.aladin.co.kr/product/26172/8/cover/8937429756_1.jpg,-1948,7,문학
277954331,429,9788954676328 ,우리가 진심으로 엮일 때 :이현수 소설,지은이: 이현수,삶이 뒤통수를 치는 망연자실한 순간까지도 너른 품으로 끌어안는 작가 이현수의 세번째 소설집 『우리가 진심으로 엮일 때』가 출간되었다. 내년이면 등단 30주년을 맞는 작가가 2014년부터 2020년까지 내공을 발휘해 써온 작품들을 한데 묶었다.,문학동네,2020,https://image.aladin.co.kr/product/25899/33/cover/8954676324_1.jpg,-1936,7,문학
277965932,227,9791166111983 ,추리소설가의 살인사건,저자: 히가시노 게이고 ;옮긴이: 민경욱,"히가시노 게이고라는 노련한 추리 작가만이 쓸 수 있는 블랙 코미디 작품집이다. 8개의 단편으로 묶인 이 작품집을 관통하는 주제는 ‘추리 소설가’, ‘편집자’, ‘독자’다. 각 단편의 주인공과 사건은 개별적인 작품이다.",소미미디어,2020,https://image.aladin.co.kr/product/25415/94/cover/k702633114_1.jpg,-1922,7,문학
277970971,235,9788965235934 ,"미국은 어떻게 망가지는가 - 분열주의로 얼룩진 미국의 철학, 문화, 역사","벤 샤피로 (지은이), 노태정 (옮긴이)","미국 보수 진영의 젊은 기수 벤 샤피로의 열세 번째 저서. 미국의 독립과 이후의 번영은 ‘하나의 미국’이라는 기치 아래서만 가능했으며, 미국의 하나됨을 거스르는 집단을 ‘분열주의자(Disintegrationists)’로 명명하고 비판하는 것이 책의 주된 내용이다.",기파랑(기파랑에크리),2021,https://image.aladin.co.kr/product/26892/73/cover/8965235936_2.jpg,-1903,7,학문
277964372,537,9791190403979 ,잘해봐야 시체가 되겠지만 :유쾌하고 신랄한 여자 장의사의 좋은 죽음 안내서,지은이: 케이틀린 도티 ;옮긴이: 임희근,"저자가 20대에 여성 장의사로서 장례업계에서 6년간 경험한 것들이 생생하게 담겨 있다. 시체 한 구 한 구에 얽힌 흥미진진한 에피소드와 함께, 시신을 운반하고 화장하는 과정을 따라가다 보면, 저자와 함께 재로 가득한 화장장을 거니는 듯한 간접 경험을 하게 될 것이다.",반비,2020,https://image.aladin.co.kr/product/22875/94/cover/k622636844_1.jpg,-1889,7,학문
277971312,514,9788954651936 ,시인장의 살인,이마무라 마사히로 지음 ;김은모 옮김,데뷔작이라고는 믿을 수 없을 정도로 화려한 수상 이력을 자랑하는 신인 작가 이마무라 마사히로 소설. 대학 동아리 합숙에서 예기치 못한 사태로 펜션에 갇히고 만 대학생들 사이에서 벌어지는 연쇄살인을 그린 본격 미스터리 소설이다.,문학동네,2018,https://image.aladin.co.kr/product/15602/94/cover/8954651933_1.jpg,-1879,7,문학
277962107,261,9791158883737 ,내가 죽기 일주일 전 :내가 죽기 일주일 전 네가 내게 돌아왔다,지은이: 서은채,오래 전에 죽은 첫사랑이 저승사자가 되어 찾아오는 이야기를 그린 감성 미스터리 판타지 소설. '저승사자는 사랑하는 사람의 모습을 하고 찾아온다'라는 무서움과 호기심을 동시에 불러일으키는 문구로 시작되는 이 작품은 황금가지의 온라인 소설 플랫폼 브릿G 연재를 통해 계약된 최초의 경장편이기도 하다.,황금가지,2018,http://image.aladin.co.kr/product/13739/44/cover/k762532827_1.jpg,-1855,7,문학
277963342,368,9791189099152 ,살인자의 정석,지은이: 김동식,"김동식 소설집 7권. 카카오페이지에 연재되어 30만 독자를 사로잡았던 이야기들과 미공개작을 모았다. 앞뒤 설명 없이 사건으로 뛰어드는 스토리, 단숨에 읽히는 속도감, 기기묘묘한 반전까지. 김동식 소설의 재미를 극한으로 끌어올린 26편의 단편이 실렸다.",요다,2019,https://image.aladin.co.kr/product/18601/10/cover/k842635065_1.jpg,-1313,7,문학
277969391,569,9788954612128 ,설계자들 :김언수 장편소설,지은이: 김언수,"2006년 심사위원 만장일치로 제12회 문학동네소설상을 수상한 김언수 작가의 2010년작. 돈을 받고 누군가의 죽음을 의뢰받아 이를 깔끔하게 처리할 수 있게끔 전체적인 구성을 짜는 '설계자'. 이 설계자들로부터 돈을 받고 이를 깔끔하게 처리하는 사람이 '암살자'다. 소설은 설계자와 암살자, 그리고 그들 사이에서 하나씩 사라져가는 사람들의 이야기로 채워져 있다.",문학동네,2010,http://image.aladin.co.kr/product/759/82/cover/8954612121_1.jpg,-2446,7,문학
277963211,368,9788974839079 ,그럼에도 일본은 전쟁을 선택했다 :청일전쟁부터 태평양전쟁까지,가토 요코 지음 ;이승혁 옮김,일본의 저명한 역사학자인 도쿄대학 가토 요코 교수는 일본의 역사를 세계사와 관련지어 설명하는 방식으로 중고생 대상 특강을 진행했다. 그럼에도 일본은 전쟁을 선택했다는 그 강의를 책으로 엮은 결과물이다.,서해문집,2018,http://image.aladin.co.kr/product/10044/20/cover/8974839075_1.jpg,-1836,7,학문
277970579,842,9788933801741 ,나목 :박완서 장편소설,지은이: 박완서,"박완서 소설전집 결정판' 1권 나목. 1.4후퇴 후, 암담하고 불안한 시기에 텅 빈 서울에 남겨진 사람들의 전쟁의 상흔과 사랑, 예술에 대한 사랑 등 생생한 이야기를 PX 초상화부에 근무하는 스무 살 여성의 시각에서 담아낸 이 작품은, 박완서 작가가 스무 살에 PX 초상화부에 근무하며 만난 故박수근 화백을 떠올리며 쓴 소설이다.",세계사,2012,http://image.aladin.co.kr/product/1494/44/cover/893380174x_1.jpg,-1344,7,문학
,,,,,,,,,,,
,,,,,,,,,,,
